期货名称,交易代码,合约编码,uk编码
恒生指数期货,HIS,HIS1608,410a157800000001
H股指数期货,HHI,HHI1608,410a157800000002
小型恒生指数期货,MHI,MHI1608,410a157800000003
恒生股息期货,DHS,DHS1608,410a157800000004
恒生国企股息期货,DHH,DHH1608,410a157800000005
恒指波幅指数期货,VHS,VHS1608,410a157800000006
中华交易服务中国120指数期货,CHH,CHH1608,410a157800000007
IBOVESPA期货,IBOVESPA,IBOVESPA1608,410a157800000008
MICEX指数期货,MICEX,MICEX1608,410a157800000009
S&PBSESENSEX指数期货,S&PBSESENSEX,S&PBSESENSEX1608,410a15780000000a
FTSE/JSETop40期货,FTSE/JSETop40,FTSE/JSETop401608,410a15780000000b
中华交易服务博彩业指数期货,GTI,GTI1608,410a15780000000c
恒生中国内地石油及天然气指数期货,MOI,MOI1608,410a15780000000d
恒生中国内地银行指数期货,MBI,MBI1608,410a15780000000e
恒生中国内地医疗保健指数期货,MCI,MCI1608,410a15780000000f
恒生中国内地地产指数期货,MPI,MPI1608,410a157800000010
恒生软件服务指数期货,SSI,SSI1608,410a157800000011
保利置业集团有限公司,POL,POL1608,410a157800000012
SOHO中国有限公司,SOH,SOH1608,410a157800000013
国美电器,GOM,GOM1608,410a157800000014
复星国际有限公司,FOS,FOS1608,410a157800000015
腾讯控股有限公司,TCH,TCH1608,410a157800000016
神州数码控股有限公司,DIG,DIG1608,410a157800000017
中信银行股份有限公司,CTB,CTB1608,410a157800000018
中国南方航空股份有限公司,SOA,SOA1608,410a157800000019
阿里巴巴影业集团有限公司,ALI,ALI1608,410a15780000001a
中国神华能源股份有限公司,CSE,CSE1608,410a15780000001b
兖州煤业股份有限公司,YZC,YZC1608,410a15780000001c
中国农业银行股份有限公司,ABC,ABC1608,410a15780000001d
新华人寿保险股份有限公司,NCL,NCL1608,410a15780000001e
中国信达资产管理股份有限公司,CDA,CDA1608,410a15780000001f
中国宏桥集团有限公司,CHQ,CHQ1608,410a157800000020
华南城控股有限公司,CTY,CTY1608,410a157800000021
中国中车股份有限公司,CRR,CRR1608,410a157800000022
中国广核电力股份有限公司,CGN,CGN1608,410a157800000023
中国中煤能源股份有限公司,CCE,CCE1608,410a157800000024
融创中国控股有限公司,SUN,SUN1608,410a157800000025
中国民生银行股份有限公司,MSB,MSB1608,410a157800000026
广州汽车集团股份有限公司,GAC,GAC1608,410a157800000027
长城汽车股份有限公司,GWM,GWM1608,410a157800000028
中国航空科技工业股份有限公司,AVI,AVI1608,410a157800000029
CSOP富时中国A50 ETF,CSA,CSA1608,410a15780000002a
iShares 安硕富时 A50 中国指ETF,A50,A501608,410a15780000002b
中海油田服务股份有限公司,CHO,CHO1608,410a15780000002c
紫金矿业集团股份有限公司,ZJM,ZJM1608,410a15780000002d
华夏沪深300指数ETF,AMC,AMC1608,410a15780000002e
恒大地产集团有限公司,EVG,EVG1608,410a15780000002f
金山软件有限公司,KSO,KSO1608,410a157800000030
中信证券股份有限公司,CTS,CTS1608,410a157800000031
海通证券股份有限公司,HAI,HAI1608,410a157800000032
中国辉山乳业控股有限公司,HUD,HUD1608,410a157800000033
华泰证券股份有限公司,HTS,HTS1608,410a157800000034
长江和记实业有限公司,CKH,CKH1608,410a157800000035
中电控股有限公司,CLP,CLP1608,410a157800000036
香港中华煤气有限公司,HKG,HKG1608,410a157800000037
九龙仓集团有限公司,WHL,WHL1608,410a157800000038
汇丰控股有限公司,HKB,HKB1608,410a157800000039
电能实业有限公司,HEH,HEH1608,410a15780000003a
恒生银行有限公司,HSB,HSB1608,410a15780000003b
恒基兆业地产有限公司,HLD,HLD1608,410a15780000003c
新鸿基地产发展有限公司,SHK,SHK1608,410a15780000003d
新世界发展有限公司,NWD,NWD1608,410a15780000003e
太古股份有限公司'A',SWA,SWA1608,410a15780000003f
东亚银行有限公司,BEA,BEA1608,410a157800000040
香港铁路有限公司,MTR,MTR1608,410a157800000041
中国中信股份有限公司,CIT,CIT1608,410a157800000042
国泰航空有限公司,CPA,CPA1608,410a157800000043
思捷环球控股有限公司,ESP,ESP1608,410a157800000044
中国石油化工股份有限公司,CPC,CPC1608,410a157800000045
香港交易及结算所有限公司,HEX,HEX1608,410a157800000046
利丰有限公司,LIF,LIF1608,410a157800000047
中国电信股份有限公司,CTC,CTC1608,410a157800000048
中国联合网络通信（香港）股份有限公司,CHU,CHU1608,410a157800000049
中国石油天然气股份有限公司,PEC,PEC1608,410a15780000004a
广州白云山医药集团股份有限公司,BAI,BAI1608,410a15780000004b
中国海洋石油有限公司,CNC,CNC1608,410a15780000004c
华能国际电力股份有限公司,HNP,HNP1608,410a15780000004d
中国建设银行股份有限公司,CCB,CCB1608,410a15780000004e
中国移动有限公司,CHT,CHT1608,410a15780000004f
中国工商银行股份有限公司,ICB,ICB1608,410a157800000050
中国交通建设股份有限公司,CCC,CCC1608,410a157800000051
富智康集团有限公司,FIH,FIH1608,410a157800000052
中国平安保险(集团)股份有限公司,PAI,PAI1608,410a157800000053
中国人民财产保险股份有限公司,PIC,PIC1608,410a157800000054
中银香港(控股)有限公司,BOC,BOC1608,410a157800000055
中国铝业股份有限公司,ALC,ALC1608,410a157800000056
中国人寿保险股份有限公司,CLI,CLI1608,410a157800000057
交通银行股份有限公司,BCM,BCM1608,410a157800000058
招商银行股份有限公司,CMB,CMB1608,410a157800000059
中国银行股份有限公司,BCL,BCL1608,410a15780000005a
美元兑人民币（香港期货）,CUS,CUS1608,410a15780000005b
欧元兑人民币（香港）期货,CEU,CEU1608,410a15780000005c
日圆对人民币（香港）期货,CJP,CJP1608,410a15780000005d
澳元兑人民币（香港）期货,CAU,CAU1608,410a15780000005e
人民币（香港）兑美元期货,UCN,UCN1608,410a15780000005f
一个月港元利率期货,HB1,HB11608,410a157800000060
三个月港元利率期货,HB3,HB31608,410a157800000061
恒生指数期货,HIS,HIS1609,410a157900000001
H股指数期货,HHI,HHI1609,410a157900000002
小型恒生指数期货,MHI,MHI1609,410a157900000003
恒生股息期货,DHS,DHS1609,410a157900000004
恒生国企股息期货,DHH,DHH1609,410a157900000005
恒指波幅指数期货,VHS,VHS1609,410a157900000006
中华交易服务中国120指数期货,CHH,CHH1609,410a157900000007
IBOVESPA期货,IBOVESPA,IBOVESPA1609,410a157900000008
MICEX指数期货,MICEX,MICEX1609,410a157900000009
S&PBSESENSEX指数期货,S&PBSESENSEX,S&PBSESENSEX1609,410a15790000000a
FTSE/JSETop40期货,FTSE/JSETop40,FTSE/JSETop401609,410a15790000000b
中华交易服务博彩业指数期货,GTI,GTI1609,410a15790000000c
恒生中国内地石油及天然气指数期货,MOI,MOI1609,410a15790000000d
恒生中国内地银行指数期货,MBI,MBI1609,410a15790000000e
恒生中国内地医疗保健指数期货,MCI,MCI1609,410a15790000000f
恒生中国内地地产指数期货,MPI,MPI1609,410a157900000010
恒生软件服务指数期货,SSI,SSI1609,410a157900000011
保利置业集团有限公司,POL,POL1609,410a157900000012
SOHO中国有限公司,SOH,SOH1609,410a157900000013
国美电器,GOM,GOM1609,410a157900000014
复星国际有限公司,FOS,FOS1609,410a157900000015
腾讯控股有限公司,TCH,TCH1609,410a157900000016
神州数码控股有限公司,DIG,DIG1609,410a157900000017
中信银行股份有限公司,CTB,CTB1609,410a157900000018
中国南方航空股份有限公司,SOA,SOA1609,410a157900000019
阿里巴巴影业集团有限公司,ALI,ALI1609,410a15790000001a
中国神华能源股份有限公司,CSE,CSE1609,410a15790000001b
兖州煤业股份有限公司,YZC,YZC1609,410a15790000001c
中国农业银行股份有限公司,ABC,ABC1609,410a15790000001d
新华人寿保险股份有限公司,NCL,NCL1609,410a15790000001e
中国信达资产管理股份有限公司,CDA,CDA1609,410a15790000001f
中国宏桥集团有限公司,CHQ,CHQ1609,410a157900000020
华南城控股有限公司,CTY,CTY1609,410a157900000021
中国中车股份有限公司,CRR,CRR1609,410a157900000022
中国广核电力股份有限公司,CGN,CGN1609,410a157900000023
中国中煤能源股份有限公司,CCE,CCE1609,410a157900000024
融创中国控股有限公司,SUN,SUN1609,410a157900000025
中国民生银行股份有限公司,MSB,MSB1609,410a157900000026
广州汽车集团股份有限公司,GAC,GAC1609,410a157900000027
长城汽车股份有限公司,GWM,GWM1609,410a157900000028
中国航空科技工业股份有限公司,AVI,AVI1609,410a157900000029
CSOP富时中国A50 ETF,CSA,CSA1609,410a15790000002a
iShares 安硕富时 A50 中国指ETF,A50,A501609,410a15790000002b
中海油田服务股份有限公司,CHO,CHO1609,410a15790000002c
紫金矿业集团股份有限公司,ZJM,ZJM1609,410a15790000002d
华夏沪深300指数ETF,AMC,AMC1609,410a15790000002e
恒大地产集团有限公司,EVG,EVG1609,410a15790000002f
金山软件有限公司,KSO,KSO1609,410a157900000030
中信证券股份有限公司,CTS,CTS1609,410a157900000031
海通证券股份有限公司,HAI,HAI1609,410a157900000032
中国辉山乳业控股有限公司,HUD,HUD1609,410a157900000033
华泰证券股份有限公司,HTS,HTS1609,410a157900000034
长江和记实业有限公司,CKH,CKH1609,410a157900000035
中电控股有限公司,CLP,CLP1609,410a157900000036
香港中华煤气有限公司,HKG,HKG1609,410a157900000037
九龙仓集团有限公司,WHL,WHL1609,410a157900000038
汇丰控股有限公司,HKB,HKB1609,410a157900000039
电能实业有限公司,HEH,HEH1609,410a15790000003a
恒生银行有限公司,HSB,HSB1609,410a15790000003b
恒基兆业地产有限公司,HLD,HLD1609,410a15790000003c
新鸿基地产发展有限公司,SHK,SHK1609,410a15790000003d
新世界发展有限公司,NWD,NWD1609,410a15790000003e
太古股份有限公司'A',SWA,SWA1609,410a15790000003f
东亚银行有限公司,BEA,BEA1609,410a157900000040
香港铁路有限公司,MTR,MTR1609,410a157900000041
中国中信股份有限公司,CIT,CIT1609,410a157900000042
国泰航空有限公司,CPA,CPA1609,410a157900000043
思捷环球控股有限公司,ESP,ESP1609,410a157900000044
中国石油化工股份有限公司,CPC,CPC1609,410a157900000045
香港交易及结算所有限公司,HEX,HEX1609,410a157900000046
利丰有限公司,LIF,LIF1609,410a157900000047
中国电信股份有限公司,CTC,CTC1609,410a157900000048
中国联合网络通信（香港）股份有限公司,CHU,CHU1609,410a157900000049
中国石油天然气股份有限公司,PEC,PEC1609,410a15790000004a
广州白云山医药集团股份有限公司,BAI,BAI1609,410a15790000004b
中国海洋石油有限公司,CNC,CNC1609,410a15790000004c
华能国际电力股份有限公司,HNP,HNP1609,410a15790000004d
中国建设银行股份有限公司,CCB,CCB1609,410a15790000004e
中国移动有限公司,CHT,CHT1609,410a15790000004f
中国工商银行股份有限公司,ICB,ICB1609,410a157900000050
中国交通建设股份有限公司,CCC,CCC1609,410a157900000051
富智康集团有限公司,FIH,FIH1609,410a157900000052
中国平安保险(集团)股份有限公司,PAI,PAI1609,410a157900000053
中国人民财产保险股份有限公司,PIC,PIC1609,410a157900000054
中银香港(控股)有限公司,BOC,BOC1609,410a157900000055
中国铝业股份有限公司,ALC,ALC1609,410a157900000056
中国人寿保险股份有限公司,CLI,CLI1609,410a157900000057
交通银行股份有限公司,BCM,BCM1609,410a157900000058
招商银行股份有限公司,CMB,CMB1609,410a157900000059
中国银行股份有限公司,BCL,BCL1609,410a15790000005a
美元兑人民币（香港期货）,CUS,CUS1609,410a15790000005b
欧元兑人民币（香港）期货,CEU,CEU1609,410a15790000005c
日圆对人民币（香港）期货,CJP,CJP1609,410a15790000005d
澳元兑人民币（香港）期货,CAU,CAU1609,410a15790000005e
人民币（香港）兑美元期货,UCN,UCN1609,410a15790000005f
一个月港元利率期货,HB1,HB11609,410a157900000060
三个月港元利率期货,HB3,HB31609,410a157900000061
恒生指数期货,HIS,HIS1610,410a157100000001
H股指数期货,HHI,HHI1610,410a157100000002
小型恒生指数期货,MHI,MHI1610,410a157100000003
恒生股息期货,DHS,DHS1610,410a157100000004
恒生国企股息期货,DHH,DHH1610,410a157100000005
恒指波幅指数期货,VHS,VHS1610,410a157100000006
中华交易服务中国120指数期货,CHH,CHH1610,410a157100000007
IBOVESPA期货,IBOVESPA,IBOVESPA1610,410a157100000008
MICEX指数期货,MICEX,MICEX1610,410a157100000009
S&PBSESENSEX指数期货,S&PBSESENSEX,S&PBSESENSEX1610,410a15710000000a
FTSE/JSETop40期货,FTSE/JSETop40,FTSE/JSETop401610,410a15710000000b
中华交易服务博彩业指数期货,GTI,GTI1610,410a15710000000c
恒生中国内地石油及天然气指数期货,MOI,MOI1610,410a15710000000d
恒生中国内地银行指数期货,MBI,MBI1610,410a15710000000e
恒生中国内地医疗保健指数期货,MCI,MCI1610,410a15710000000f
恒生中国内地地产指数期货,MPI,MPI1610,410a157100000010
恒生软件服务指数期货,SSI,SSI1610,410a157100000011
保利置业集团有限公司,POL,POL1610,410a157100000012
SOHO中国有限公司,SOH,SOH1610,410a157100000013
国美电器,GOM,GOM1610,410a157100000014
复星国际有限公司,FOS,FOS1610,410a157100000015
腾讯控股有限公司,TCH,TCH1610,410a157100000016
神州数码控股有限公司,DIG,DIG1610,410a157100000017
中信银行股份有限公司,CTB,CTB1610,410a157100000018
中国南方航空股份有限公司,SOA,SOA1610,410a157100000019
阿里巴巴影业集团有限公司,ALI,ALI1610,410a15710000001a
中国神华能源股份有限公司,CSE,CSE1610,410a15710000001b
兖州煤业股份有限公司,YZC,YZC1610,410a15710000001c
中国农业银行股份有限公司,ABC,ABC1610,410a15710000001d
新华人寿保险股份有限公司,NCL,NCL1610,410a15710000001e
中国信达资产管理股份有限公司,CDA,CDA1610,410a15710000001f
中国宏桥集团有限公司,CHQ,CHQ1610,410a157100000020
华南城控股有限公司,CTY,CTY1610,410a157100000021
中国中车股份有限公司,CRR,CRR1610,410a157100000022
中国广核电力股份有限公司,CGN,CGN1610,410a157100000023
中国中煤能源股份有限公司,CCE,CCE1610,410a157100000024
融创中国控股有限公司,SUN,SUN1610,410a157100000025
中国民生银行股份有限公司,MSB,MSB1610,410a157100000026
广州汽车集团股份有限公司,GAC,GAC1610,410a157100000027
长城汽车股份有限公司,GWM,GWM1610,410a157100000028
中国航空科技工业股份有限公司,AVI,AVI1610,410a157100000029
CSOP富时中国A50 ETF,CSA,CSA1610,410a15710000002a
iShares 安硕富时 A50 中国指ETF,A50,A501610,410a15710000002b
中海油田服务股份有限公司,CHO,CHO1610,410a15710000002c
紫金矿业集团股份有限公司,ZJM,ZJM1610,410a15710000002d
华夏沪深300指数ETF,AMC,AMC1610,410a15710000002e
恒大地产集团有限公司,EVG,EVG1610,410a15710000002f
金山软件有限公司,KSO,KSO1610,410a157100000030
中信证券股份有限公司,CTS,CTS1610,410a157100000031
海通证券股份有限公司,HAI,HAI1610,410a157100000032
中国辉山乳业控股有限公司,HUD,HUD1610,410a157100000033
华泰证券股份有限公司,HTS,HTS1610,410a157100000034
长江和记实业有限公司,CKH,CKH1610,410a157100000035
中电控股有限公司,CLP,CLP1610,410a157100000036
香港中华煤气有限公司,HKG,HKG1610,410a157100000037
九龙仓集团有限公司,WHL,WHL1610,410a157100000038
汇丰控股有限公司,HKB,HKB1610,410a157100000039
电能实业有限公司,HEH,HEH1610,410a15710000003a
恒生银行有限公司,HSB,HSB1610,410a15710000003b
恒基兆业地产有限公司,HLD,HLD1610,410a15710000003c
新鸿基地产发展有限公司,SHK,SHK1610,410a15710000003d
新世界发展有限公司,NWD,NWD1610,410a15710000003e
太古股份有限公司'A',SWA,SWA1610,410a15710000003f
东亚银行有限公司,BEA,BEA1610,410a157100000040
香港铁路有限公司,MTR,MTR1610,410a157100000041
中国中信股份有限公司,CIT,CIT1610,410a157100000042
国泰航空有限公司,CPA,CPA1610,410a157100000043
思捷环球控股有限公司,ESP,ESP1610,410a157100000044
中国石油化工股份有限公司,CPC,CPC1610,410a157100000045
香港交易及结算所有限公司,HEX,HEX1610,410a157100000046
利丰有限公司,LIF,LIF1610,410a157100000047
中国电信股份有限公司,CTC,CTC1610,410a157100000048
中国联合网络通信（香港）股份有限公司,CHU,CHU1610,410a157100000049
中国石油天然气股份有限公司,PEC,PEC1610,410a15710000004a
广州白云山医药集团股份有限公司,BAI,BAI1610,410a15710000004b
中国海洋石油有限公司,CNC,CNC1610,410a15710000004c
华能国际电力股份有限公司,HNP,HNP1610,410a15710000004d
中国建设银行股份有限公司,CCB,CCB1610,410a15710000004e
中国移动有限公司,CHT,CHT1610,410a15710000004f
中国工商银行股份有限公司,ICB,ICB1610,410a157100000050
中国交通建设股份有限公司,CCC,CCC1610,410a157100000051
富智康集团有限公司,FIH,FIH1610,410a157100000052
中国平安保险(集团)股份有限公司,PAI,PAI1610,410a157100000053
中国人民财产保险股份有限公司,PIC,PIC1610,410a157100000054
中银香港(控股)有限公司,BOC,BOC1610,410a157100000055
中国铝业股份有限公司,ALC,ALC1610,410a157100000056
中国人寿保险股份有限公司,CLI,CLI1610,410a157100000057
交通银行股份有限公司,BCM,BCM1610,410a157100000058
招商银行股份有限公司,CMB,CMB1610,410a157100000059
中国银行股份有限公司,BCL,BCL1610,410a15710000005a
美元兑人民币（香港期货）,CUS,CUS1610,410a15710000005b
欧元兑人民币（香港）期货,CEU,CEU1610,410a15710000005c
日圆对人民币（香港）期货,CJP,CJP1610,410a15710000005d
澳元兑人民币（香港）期货,CAU,CAU1610,410a15710000005e
人民币（香港）兑美元期货,UCN,UCN1610,410a15710000005f
一个月港元利率期货,HB1,HB11610,410a157100000060
三个月港元利率期货,HB3,HB31610,410a157100000061
恒生指数期货,HIS,HIS1611,410a157b00000001
H股指数期货,HHI,HHI1611,410a157b00000002
小型恒生指数期货,MHI,MHI1611,410a157b00000003
恒生股息期货,DHS,DHS1611,410a157b00000004
恒生国企股息期货,DHH,DHH1611,410a157b00000005
恒指波幅指数期货,VHS,VHS1611,410a157b00000006
中华交易服务中国120指数期货,CHH,CHH1611,410a157b00000007
IBOVESPA期货,IBOVESPA,IBOVESPA1611,410a157b00000008
MICEX指数期货,MICEX,MICEX1611,410a157b00000009
S&PBSESENSEX指数期货,S&PBSESENSEX,S&PBSESENSEX1611,410a157b0000000a
FTSE/JSETop40期货,FTSE/JSETop40,FTSE/JSETop401611,410a157b0000000b
中华交易服务博彩业指数期货,GTI,GTI1611,410a157b0000000c
恒生中国内地石油及天然气指数期货,MOI,MOI1611,410a157b0000000d
恒生中国内地银行指数期货,MBI,MBI1611,410a157b0000000e
恒生中国内地医疗保健指数期货,MCI,MCI1611,410a157b0000000f
恒生中国内地地产指数期货,MPI,MPI1611,410a157b00000010
恒生软件服务指数期货,SSI,SSI1611,410a157b00000011
保利置业集团有限公司,POL,POL1611,410a157b00000012
SOHO中国有限公司,SOH,SOH1611,410a157b00000013
国美电器,GOM,GOM1611,410a157b00000014
复星国际有限公司,FOS,FOS1611,410a157b00000015
腾讯控股有限公司,TCH,TCH1611,410a157b00000016
神州数码控股有限公司,DIG,DIG1611,410a157b00000017
中信银行股份有限公司,CTB,CTB1611,410a157b00000018
中国南方航空股份有限公司,SOA,SOA1611,410a157b00000019
阿里巴巴影业集团有限公司,ALI,ALI1611,410a157b0000001a
中国神华能源股份有限公司,CSE,CSE1611,410a157b0000001b
兖州煤业股份有限公司,YZC,YZC1611,410a157b0000001c
中国农业银行股份有限公司,ABC,ABC1611,410a157b0000001d
新华人寿保险股份有限公司,NCL,NCL1611,410a157b0000001e
中国信达资产管理股份有限公司,CDA,CDA1611,410a157b0000001f
中国宏桥集团有限公司,CHQ,CHQ1611,410a157b00000020
华南城控股有限公司,CTY,CTY1611,410a157b00000021
中国中车股份有限公司,CRR,CRR1611,410a157b00000022
中国广核电力股份有限公司,CGN,CGN1611,410a157b00000023
中国中煤能源股份有限公司,CCE,CCE1611,410a157b00000024
融创中国控股有限公司,SUN,SUN1611,410a157b00000025
中国民生银行股份有限公司,MSB,MSB1611,410a157b00000026
广州汽车集团股份有限公司,GAC,GAC1611,410a157b00000027
长城汽车股份有限公司,GWM,GWM1611,410a157b00000028
中国航空科技工业股份有限公司,AVI,AVI1611,410a157b00000029
CSOP富时中国A50 ETF,CSA,CSA1611,410a157b0000002a
iShares 安硕富时 A50 中国指ETF,A50,A501611,410a157b0000002b
中海油田服务股份有限公司,CHO,CHO1611,410a157b0000002c
紫金矿业集团股份有限公司,ZJM,ZJM1611,410a157b0000002d
华夏沪深300指数ETF,AMC,AMC1611,410a157b0000002e
恒大地产集团有限公司,EVG,EVG1611,410a157b0000002f
金山软件有限公司,KSO,KSO1611,410a157b00000030
中信证券股份有限公司,CTS,CTS1611,410a157b00000031
海通证券股份有限公司,HAI,HAI1611,410a157b00000032
中国辉山乳业控股有限公司,HUD,HUD1611,410a157b00000033
华泰证券股份有限公司,HTS,HTS1611,410a157b00000034
长江和记实业有限公司,CKH,CKH1611,410a157b00000035
中电控股有限公司,CLP,CLP1611,410a157b00000036
香港中华煤气有限公司,HKG,HKG1611,410a157b00000037
九龙仓集团有限公司,WHL,WHL1611,410a157b00000038
汇丰控股有限公司,HKB,HKB1611,410a157b00000039
电能实业有限公司,HEH,HEH1611,410a157b0000003a
恒生银行有限公司,HSB,HSB1611,410a157b0000003b
恒基兆业地产有限公司,HLD,HLD1611,410a157b0000003c
新鸿基地产发展有限公司,SHK,SHK1611,410a157b0000003d
新世界发展有限公司,NWD,NWD1611,410a157b0000003e
太古股份有限公司'A',SWA,SWA1611,410a157b0000003f
东亚银行有限公司,BEA,BEA1611,410a157b00000040
香港铁路有限公司,MTR,MTR1611,410a157b00000041
中国中信股份有限公司,CIT,CIT1611,410a157b00000042
国泰航空有限公司,CPA,CPA1611,410a157b00000043
思捷环球控股有限公司,ESP,ESP1611,410a157b00000044
中国石油化工股份有限公司,CPC,CPC1611,410a157b00000045
香港交易及结算所有限公司,HEX,HEX1611,410a157b00000046
利丰有限公司,LIF,LIF1611,410a157b00000047
中国电信股份有限公司,CTC,CTC1611,410a157b00000048
中国联合网络通信（香港）股份有限公司,CHU,CHU1611,410a157b00000049
中国石油天然气股份有限公司,PEC,PEC1611,410a157b0000004a
广州白云山医药集团股份有限公司,BAI,BAI1611,410a157b0000004b
中国海洋石油有限公司,CNC,CNC1611,410a157b0000004c
华能国际电力股份有限公司,HNP,HNP1611,410a157b0000004d
中国建设银行股份有限公司,CCB,CCB1611,410a157b0000004e
中国移动有限公司,CHT,CHT1611,410a157b0000004f
中国工商银行股份有限公司,ICB,ICB1611,410a157b00000050
中国交通建设股份有限公司,CCC,CCC1611,410a157b00000051
富智康集团有限公司,FIH,FIH1611,410a157b00000052
中国平安保险(集团)股份有限公司,PAI,PAI1611,410a157b00000053
中国人民财产保险股份有限公司,PIC,PIC1611,410a157b00000054
中银香港(控股)有限公司,BOC,BOC1611,410a157b00000055
中国铝业股份有限公司,ALC,ALC1611,410a157b00000056
中国人寿保险股份有限公司,CLI,CLI1611,410a157b00000057
交通银行股份有限公司,BCM,BCM1611,410a157b00000058
招商银行股份有限公司,CMB,CMB1611,410a157b00000059
中国银行股份有限公司,BCL,BCL1611,410a157b0000005a
美元兑人民币（香港期货）,CUS,CUS1611,410a157b0000005b
欧元兑人民币（香港）期货,CEU,CEU1611,410a157b0000005c
日圆对人民币（香港）期货,CJP,CJP1611,410a157b0000005d
澳元兑人民币（香港）期货,CAU,CAU1611,410a157b0000005e
人民币（香港）兑美元期货,UCN,UCN1611,410a157b0000005f
一个月港元利率期货,HB1,HB11611,410a157b00000060
三个月港元利率期货,HB3,HB31611,410a157b00000061
恒生指数期货,HIS,HIS1612,410a157c00000001
H股指数期货,HHI,HHI1612,410a157c00000002
小型恒生指数期货,MHI,MHI1612,410a157c00000003
恒生股息期货,DHS,DHS1612,410a157c00000004
恒生国企股息期货,DHH,DHH1612,410a157c00000005
恒指波幅指数期货,VHS,VHS1612,410a157c00000006
中华交易服务中国120指数期货,CHH,CHH1612,410a157c00000007
IBOVESPA期货,IBOVESPA,IBOVESPA1612,410a157c00000008
MICEX指数期货,MICEX,MICEX1612,410a157c00000009
S&PBSESENSEX指数期货,S&PBSESENSEX,S&PBSESENSEX1612,410a157c0000000a
FTSE/JSETop40期货,FTSE/JSETop40,FTSE/JSETop401612,410a157c0000000b
中华交易服务博彩业指数期货,GTI,GTI1612,410a157c0000000c
恒生中国内地石油及天然气指数期货,MOI,MOI1612,410a157c0000000d
恒生中国内地银行指数期货,MBI,MBI1612,410a157c0000000e
恒生中国内地医疗保健指数期货,MCI,MCI1612,410a157c0000000f
恒生中国内地地产指数期货,MPI,MPI1612,410a157c00000010
恒生软件服务指数期货,SSI,SSI1612,410a157c00000011
保利置业集团有限公司,POL,POL1612,410a157c00000012
SOHO中国有限公司,SOH,SOH1612,410a157c00000013
国美电器,GOM,GOM1612,410a157c00000014
复星国际有限公司,FOS,FOS1612,410a157c00000015
腾讯控股有限公司,TCH,TCH1612,410a157c00000016
神州数码控股有限公司,DIG,DIG1612,410a157c00000017
中信银行股份有限公司,CTB,CTB1612,410a157c00000018
中国南方航空股份有限公司,SOA,SOA1612,410a157c00000019
阿里巴巴影业集团有限公司,ALI,ALI1612,410a157c0000001a
中国神华能源股份有限公司,CSE,CSE1612,410a157c0000001b
兖州煤业股份有限公司,YZC,YZC1612,410a157c0000001c
中国农业银行股份有限公司,ABC,ABC1612,410a157c0000001d
新华人寿保险股份有限公司,NCL,NCL1612,410a157c0000001e
中国信达资产管理股份有限公司,CDA,CDA1612,410a157c0000001f
中国宏桥集团有限公司,CHQ,CHQ1612,410a157c00000020
华南城控股有限公司,CTY,CTY1612,410a157c00000021
中国中车股份有限公司,CRR,CRR1612,410a157c00000022
中国广核电力股份有限公司,CGN,CGN1612,410a157c00000023
中国中煤能源股份有限公司,CCE,CCE1612,410a157c00000024
融创中国控股有限公司,SUN,SUN1612,410a157c00000025
中国民生银行股份有限公司,MSB,MSB1612,410a157c00000026
广州汽车集团股份有限公司,GAC,GAC1612,410a157c00000027
长城汽车股份有限公司,GWM,GWM1612,410a157c00000028
中国航空科技工业股份有限公司,AVI,AVI1612,410a157c00000029
CSOP富时中国A50 ETF,CSA,CSA1612,410a157c0000002a
iShares 安硕富时 A50 中国指ETF,A50,A501612,410a157c0000002b
中海油田服务股份有限公司,CHO,CHO1612,410a157c0000002c
紫金矿业集团股份有限公司,ZJM,ZJM1612,410a157c0000002d
华夏沪深300指数ETF,AMC,AMC1612,410a157c0000002e
恒大地产集团有限公司,EVG,EVG1612,410a157c0000002f
金山软件有限公司,KSO,KSO1612,410a157c00000030
中信证券股份有限公司,CTS,CTS1612,410a157c00000031
海通证券股份有限公司,HAI,HAI1612,410a157c00000032
中国辉山乳业控股有限公司,HUD,HUD1612,410a157c00000033
华泰证券股份有限公司,HTS,HTS1612,410a157c00000034
长江和记实业有限公司,CKH,CKH1612,410a157c00000035
中电控股有限公司,CLP,CLP1612,410a157c00000036
香港中华煤气有限公司,HKG,HKG1612,410a157c00000037
九龙仓集团有限公司,WHL,WHL1612,410a157c00000038
汇丰控股有限公司,HKB,HKB1612,410a157c00000039
电能实业有限公司,HEH,HEH1612,410a157c0000003a
恒生银行有限公司,HSB,HSB1612,410a157c0000003b
恒基兆业地产有限公司,HLD,HLD1612,410a157c0000003c
新鸿基地产发展有限公司,SHK,SHK1612,410a157c0000003d
新世界发展有限公司,NWD,NWD1612,410a157c0000003e
太古股份有限公司'A',SWA,SWA1612,410a157c0000003f
东亚银行有限公司,BEA,BEA1612,410a157c00000040
香港铁路有限公司,MTR,MTR1612,410a157c00000041
中国中信股份有限公司,CIT,CIT1612,410a157c00000042
国泰航空有限公司,CPA,CPA1612,410a157c00000043
思捷环球控股有限公司,ESP,ESP1612,410a157c00000044
中国石油化工股份有限公司,CPC,CPC1612,410a157c00000045
香港交易及结算所有限公司,HEX,HEX1612,410a157c00000046
利丰有限公司,LIF,LIF1612,410a157c00000047
中国电信股份有限公司,CTC,CTC1612,410a157c00000048
中国联合网络通信（香港）股份有限公司,CHU,CHU1612,410a157c00000049
中国石油天然气股份有限公司,PEC,PEC1612,410a157c0000004a
广州白云山医药集团股份有限公司,BAI,BAI1612,410a157c0000004b
中国海洋石油有限公司,CNC,CNC1612,410a157c0000004c
华能国际电力股份有限公司,HNP,HNP1612,410a157c0000004d
中国建设银行股份有限公司,CCB,CCB1612,410a157c0000004e
中国移动有限公司,CHT,CHT1612,410a157c0000004f
中国工商银行股份有限公司,ICB,ICB1612,410a157c00000050
中国交通建设股份有限公司,CCC,CCC1612,410a157c00000051
富智康集团有限公司,FIH,FIH1612,410a157c00000052
中国平安保险(集团)股份有限公司,PAI,PAI1612,410a157c00000053
中国人民财产保险股份有限公司,PIC,PIC1612,410a157c00000054
中银香港(控股)有限公司,BOC,BOC1612,410a157c00000055
中国铝业股份有限公司,ALC,ALC1612,410a157c00000056
中国人寿保险股份有限公司,CLI,CLI1612,410a157c00000057
交通银行股份有限公司,BCM,BCM1612,410a157c00000058
招商银行股份有限公司,CMB,CMB1612,410a157c00000059
中国银行股份有限公司,BCL,BCL1612,410a157c0000005a
美元兑人民币（香港期货）,CUS,CUS1612,410a157c0000005b
欧元兑人民币（香港）期货,CEU,CEU1612,410a157c0000005c
日圆对人民币（香港）期货,CJP,CJP1612,410a157c0000005d
澳元兑人民币（香港）期货,CAU,CAU1612,410a157c0000005e
人民币（香港）兑美元期货,UCN,UCN1612,410a157c0000005f
一个月港元利率期货,HB1,HB11612,410a157c00000060
三个月港元利率期货,HB3,HB31612,410a157c00000061
恒生指数期货,HIS,HIS1701,410a157d00000001
H股指数期货,HHI,HHI1701,410a157d00000002
小型恒生指数期货,MHI,MHI1701,410a157d00000003
恒生股息期货,DHS,DHS1701,410a157d00000004
恒生国企股息期货,DHH,DHH1701,410a157d00000005
恒指波幅指数期货,VHS,VHS1701,410a157d00000006
中华交易服务中国120指数期货,CHH,CHH1701,410a157d00000007
IBOVESPA期货,IBOVESPA,IBOVESPA1701,410a157d00000008
MICEX指数期货,MICEX,MICEX1701,410a157d00000009
S&PBSESENSEX指数期货,S&PBSESENSEX,S&PBSESENSEX1701,410a157d0000000a
FTSE/JSETop40期货,FTSE/JSETop40,FTSE/JSETop401701,410a157d0000000b
中华交易服务博彩业指数期货,GTI,GTI1701,410a157d0000000c
恒生中国内地石油及天然气指数期货,MOI,MOI1701,410a157d0000000d
恒生中国内地银行指数期货,MBI,MBI1701,410a157d0000000e
恒生中国内地医疗保健指数期货,MCI,MCI1701,410a157d0000000f
恒生中国内地地产指数期货,MPI,MPI1701,410a157d00000010
恒生软件服务指数期货,SSI,SSI1701,410a157d00000011
保利置业集团有限公司,POL,POL1701,410a157d00000012
SOHO中国有限公司,SOH,SOH1701,410a157d00000013
国美电器,GOM,GOM1701,410a157d00000014
复星国际有限公司,FOS,FOS1701,410a157d00000015
腾讯控股有限公司,TCH,TCH1701,410a157d00000016
神州数码控股有限公司,DIG,DIG1701,410a157d00000017
中信银行股份有限公司,CTB,CTB1701,410a157d00000018
中国南方航空股份有限公司,SOA,SOA1701,410a157d00000019
阿里巴巴影业集团有限公司,ALI,ALI1701,410a157d0000001a
中国神华能源股份有限公司,CSE,CSE1701,410a157d0000001b
兖州煤业股份有限公司,YZC,YZC1701,410a157d0000001c
中国农业银行股份有限公司,ABC,ABC1701,410a157d0000001d
新华人寿保险股份有限公司,NCL,NCL1701,410a157d0000001e
中国信达资产管理股份有限公司,CDA,CDA1701,410a157d0000001f
中国宏桥集团有限公司,CHQ,CHQ1701,410a157d00000020
华南城控股有限公司,CTY,CTY1701,410a157d00000021
中国中车股份有限公司,CRR,CRR1701,410a157d00000022
中国广核电力股份有限公司,CGN,CGN1701,410a157d00000023
中国中煤能源股份有限公司,CCE,CCE1701,410a157d00000024
融创中国控股有限公司,SUN,SUN1701,410a157d00000025
中国民生银行股份有限公司,MSB,MSB1701,410a157d00000026
广州汽车集团股份有限公司,GAC,GAC1701,410a157d00000027
长城汽车股份有限公司,GWM,GWM1701,410a157d00000028
中国航空科技工业股份有限公司,AVI,AVI1701,410a157d00000029
CSOP富时中国A50 ETF,CSA,CSA1701,410a157d0000002a
iShares 安硕富时 A50 中国指ETF,A50,A501701,410a157d0000002b
中海油田服务股份有限公司,CHO,CHO1701,410a157d0000002c
紫金矿业集团股份有限公司,ZJM,ZJM1701,410a157d0000002d
华夏沪深300指数ETF,AMC,AMC1701,410a157d0000002e
恒大地产集团有限公司,EVG,EVG1701,410a157d0000002f
金山软件有限公司,KSO,KSO1701,410a157d00000030
中信证券股份有限公司,CTS,CTS1701,410a157d00000031
海通证券股份有限公司,HAI,HAI1701,410a157d00000032
中国辉山乳业控股有限公司,HUD,HUD1701,410a157d00000033
华泰证券股份有限公司,HTS,HTS1701,410a157d00000034
长江和记实业有限公司,CKH,CKH1701,410a157d00000035
中电控股有限公司,CLP,CLP1701,410a157d00000036
香港中华煤气有限公司,HKG,HKG1701,410a157d00000037
九龙仓集团有限公司,WHL,WHL1701,410a157d00000038
汇丰控股有限公司,HKB,HKB1701,410a157d00000039
电能实业有限公司,HEH,HEH1701,410a157d0000003a
恒生银行有限公司,HSB,HSB1701,410a157d0000003b
恒基兆业地产有限公司,HLD,HLD1701,410a157d0000003c
新鸿基地产发展有限公司,SHK,SHK1701,410a157d0000003d
新世界发展有限公司,NWD,NWD1701,410a157d0000003e
太古股份有限公司'A',SWA,SWA1701,410a157d0000003f
东亚银行有限公司,BEA,BEA1701,410a157d00000040
香港铁路有限公司,MTR,MTR1701,410a157d00000041
中国中信股份有限公司,CIT,CIT1701,410a157d00000042
国泰航空有限公司,CPA,CPA1701,410a157d00000043
思捷环球控股有限公司,ESP,ESP1701,410a157d00000044
中国石油化工股份有限公司,CPC,CPC1701,410a157d00000045
香港交易及结算所有限公司,HEX,HEX1701,410a157d00000046
利丰有限公司,LIF,LIF1701,410a157d00000047
中国电信股份有限公司,CTC,CTC1701,410a157d00000048
中国联合网络通信（香港）股份有限公司,CHU,CHU1701,410a157d00000049
中国石油天然气股份有限公司,PEC,PEC1701,410a157d0000004a
广州白云山医药集团股份有限公司,BAI,BAI1701,410a157d0000004b
中国海洋石油有限公司,CNC,CNC1701,410a157d0000004c
华能国际电力股份有限公司,HNP,HNP1701,410a157d0000004d
中国建设银行股份有限公司,CCB,CCB1701,410a157d0000004e
中国移动有限公司,CHT,CHT1701,410a157d0000004f
中国工商银行股份有限公司,ICB,ICB1701,410a157d00000050
中国交通建设股份有限公司,CCC,CCC1701,410a157d00000051
富智康集团有限公司,FIH,FIH1701,410a157d00000052
中国平安保险(集团)股份有限公司,PAI,PAI1701,410a157d00000053
中国人民财产保险股份有限公司,PIC,PIC1701,410a157d00000054
中银香港(控股)有限公司,BOC,BOC1701,410a157d00000055
中国铝业股份有限公司,ALC,ALC1701,410a157d00000056
中国人寿保险股份有限公司,CLI,CLI1701,410a157d00000057
交通银行股份有限公司,BCM,BCM1701,410a157d00000058
招商银行股份有限公司,CMB,CMB1701,410a157d00000059
中国银行股份有限公司,BCL,BCL1701,410a157d0000005a
美元兑人民币（香港期货）,CUS,CUS1701,410a157d0000005b
欧元兑人民币（香港）期货,CEU,CEU1701,410a157d0000005c
日圆对人民币（香港）期货,CJP,CJP1701,410a157d0000005d
澳元兑人民币（香港）期货,CAU,CAU1701,410a157d0000005e
人民币（香港）兑美元期货,UCN,UCN1701,410a157d0000005f
一个月港元利率期货,HB1,HB11701,410a157d00000060
三个月港元利率期货,HB3,HB31701,410a157d00000061
恒生指数期货,HIS,HIS1702,410a157e00000001
H股指数期货,HHI,HHI1702,410a157e00000002
小型恒生指数期货,MHI,MHI1702,410a157e00000003
恒生股息期货,DHS,DHS1702,410a157e00000004
恒生国企股息期货,DHH,DHH1702,410a157e00000005
恒指波幅指数期货,VHS,VHS1702,410a157e00000006
中华交易服务中国120指数期货,CHH,CHH1702,410a157e00000007
IBOVESPA期货,IBOVESPA,IBOVESPA1702,410a157e00000008
MICEX指数期货,MICEX,MICEX1702,410a157e00000009
S&PBSESENSEX指数期货,S&PBSESENSEX,S&PBSESENSEX1702,410a157e0000000a
FTSE/JSETop40期货,FTSE/JSETop40,FTSE/JSETop401702,410a157e0000000b
中华交易服务博彩业指数期货,GTI,GTI1702,410a157e0000000c
恒生中国内地石油及天然气指数期货,MOI,MOI1702,410a157e0000000d
恒生中国内地银行指数期货,MBI,MBI1702,410a157e0000000e
恒生中国内地医疗保健指数期货,MCI,MCI1702,410a157e0000000f
恒生中国内地地产指数期货,MPI,MPI1702,410a157e00000010
恒生软件服务指数期货,SSI,SSI1702,410a157e00000011
保利置业集团有限公司,POL,POL1702,410a157e00000012
SOHO中国有限公司,SOH,SOH1702,410a157e00000013
国美电器,GOM,GOM1702,410a157e00000014
复星国际有限公司,FOS,FOS1702,410a157e00000015
腾讯控股有限公司,TCH,TCH1702,410a157e00000016
神州数码控股有限公司,DIG,DIG1702,410a157e00000017
中信银行股份有限公司,CTB,CTB1702,410a157e00000018
中国南方航空股份有限公司,SOA,SOA1702,410a157e00000019
阿里巴巴影业集团有限公司,ALI,ALI1702,410a157e0000001a
中国神华能源股份有限公司,CSE,CSE1702,410a157e0000001b
兖州煤业股份有限公司,YZC,YZC1702,410a157e0000001c
中国农业银行股份有限公司,ABC,ABC1702,410a157e0000001d
新华人寿保险股份有限公司,NCL,NCL1702,410a157e0000001e
中国信达资产管理股份有限公司,CDA,CDA1702,410a157e0000001f
中国宏桥集团有限公司,CHQ,CHQ1702,410a157e00000020
华南城控股有限公司,CTY,CTY1702,410a157e00000021
中国中车股份有限公司,CRR,CRR1702,410a157e00000022
中国广核电力股份有限公司,CGN,CGN1702,410a157e00000023
中国中煤能源股份有限公司,CCE,CCE1702,410a157e00000024
融创中国控股有限公司,SUN,SUN1702,410a157e00000025
中国民生银行股份有限公司,MSB,MSB1702,410a157e00000026
广州汽车集团股份有限公司,GAC,GAC1702,410a157e00000027
长城汽车股份有限公司,GWM,GWM1702,410a157e00000028
中国航空科技工业股份有限公司,AVI,AVI1702,410a157e00000029
CSOP富时中国A50 ETF,CSA,CSA1702,410a157e0000002a
iShares 安硕富时 A50 中国指ETF,A50,A501702,410a157e0000002b
中海油田服务股份有限公司,CHO,CHO1702,410a157e0000002c
紫金矿业集团股份有限公司,ZJM,ZJM1702,410a157e0000002d
华夏沪深300指数ETF,AMC,AMC1702,410a157e0000002e
恒大地产集团有限公司,EVG,EVG1702,410a157e0000002f
金山软件有限公司,KSO,KSO1702,410a157e00000030
中信证券股份有限公司,CTS,CTS1702,410a157e00000031
海通证券股份有限公司,HAI,HAI1702,410a157e00000032
中国辉山乳业控股有限公司,HUD,HUD1702,410a157e00000033
华泰证券股份有限公司,HTS,HTS1702,410a157e00000034
长江和记实业有限公司,CKH,CKH1702,410a157e00000035
中电控股有限公司,CLP,CLP1702,410a157e00000036
香港中华煤气有限公司,HKG,HKG1702,410a157e00000037
九龙仓集团有限公司,WHL,WHL1702,410a157e00000038
汇丰控股有限公司,HKB,HKB1702,410a157e00000039
电能实业有限公司,HEH,HEH1702,410a157e0000003a
恒生银行有限公司,HSB,HSB1702,410a157e0000003b
恒基兆业地产有限公司,HLD,HLD1702,410a157e0000003c
新鸿基地产发展有限公司,SHK,SHK1702,410a157e0000003d
新世界发展有限公司,NWD,NWD1702,410a157e0000003e
太古股份有限公司'A',SWA,SWA1702,410a157e0000003f
东亚银行有限公司,BEA,BEA1702,410a157e00000040
香港铁路有限公司,MTR,MTR1702,410a157e00000041
中国中信股份有限公司,CIT,CIT1702,410a157e00000042
国泰航空有限公司,CPA,CPA1702,410a157e00000043
思捷环球控股有限公司,ESP,ESP1702,410a157e00000044
中国石油化工股份有限公司,CPC,CPC1702,410a157e00000045
香港交易及结算所有限公司,HEX,HEX1702,410a157e00000046
利丰有限公司,LIF,LIF1702,410a157e00000047
中国电信股份有限公司,CTC,CTC1702,410a157e00000048
中国联合网络通信（香港）股份有限公司,CHU,CHU1702,410a157e00000049
中国石油天然气股份有限公司,PEC,PEC1702,410a157e0000004a
广州白云山医药集团股份有限公司,BAI,BAI1702,410a157e0000004b
中国海洋石油有限公司,CNC,CNC1702,410a157e0000004c
华能国际电力股份有限公司,HNP,HNP1702,410a157e0000004d
中国建设银行股份有限公司,CCB,CCB1702,410a157e0000004e
中国移动有限公司,CHT,CHT1702,410a157e0000004f
中国工商银行股份有限公司,ICB,ICB1702,410a157e00000050
中国交通建设股份有限公司,CCC,CCC1702,410a157e00000051
富智康集团有限公司,FIH,FIH1702,410a157e00000052
中国平安保险(集团)股份有限公司,PAI,PAI1702,410a157e00000053
中国人民财产保险股份有限公司,PIC,PIC1702,410a157e00000054
中银香港(控股)有限公司,BOC,BOC1702,410a157e00000055
中国铝业股份有限公司,ALC,ALC1702,410a157e00000056
中国人寿保险股份有限公司,CLI,CLI1702,410a157e00000057
交通银行股份有限公司,BCM,BCM1702,410a157e00000058
招商银行股份有限公司,CMB,CMB1702,410a157e00000059
中国银行股份有限公司,BCL,BCL1702,410a157e0000005a
美元兑人民币（香港期货）,CUS,CUS1702,410a157e0000005b
欧元兑人民币（香港）期货,CEU,CEU1702,410a157e0000005c
日圆对人民币（香港）期货,CJP,CJP1702,410a157e0000005d
澳元兑人民币（香港）期货,CAU,CAU1702,410a157e0000005e
人民币（香港）兑美元期货,UCN,UCN1702,410a157e0000005f
一个月港元利率期货,HB1,HB11702,410a157e00000060
三个月港元利率期货,HB3,HB31702,410a157e00000061
恒生指数期货,HIS,HIS1703,410a157f00000001
H股指数期货,HHI,HHI1703,410a157f00000002
小型恒生指数期货,MHI,MHI1703,410a157f00000003
恒生股息期货,DHS,DHS1703,410a157f00000004
恒生国企股息期货,DHH,DHH1703,410a157f00000005
恒指波幅指数期货,VHS,VHS1703,410a157f00000006
中华交易服务中国120指数期货,CHH,CHH1703,410a157f00000007
IBOVESPA期货,IBOVESPA,IBOVESPA1703,410a157f00000008
MICEX指数期货,MICEX,MICEX1703,410a157f00000009
S&PBSESENSEX指数期货,S&PBSESENSEX,S&PBSESENSEX1703,410a157f0000000a
FTSE/JSETop40期货,FTSE/JSETop40,FTSE/JSETop401703,410a157f0000000b
中华交易服务博彩业指数期货,GTI,GTI1703,410a157f0000000c
恒生中国内地石油及天然气指数期货,MOI,MOI1703,410a157f0000000d
恒生中国内地银行指数期货,MBI,MBI1703,410a157f0000000e
恒生中国内地医疗保健指数期货,MCI,MCI1703,410a157f0000000f
恒生中国内地地产指数期货,MPI,MPI1703,410a157f00000010
恒生软件服务指数期货,SSI,SSI1703,410a157f00000011
保利置业集团有限公司,POL,POL1703,410a157f00000012
SOHO中国有限公司,SOH,SOH1703,410a157f00000013
国美电器,GOM,GOM1703,410a157f00000014
复星国际有限公司,FOS,FOS1703,410a157f00000015
腾讯控股有限公司,TCH,TCH1703,410a157f00000016
神州数码控股有限公司,DIG,DIG1703,410a157f00000017
中信银行股份有限公司,CTB,CTB1703,410a157f00000018
中国南方航空股份有限公司,SOA,SOA1703,410a157f00000019
阿里巴巴影业集团有限公司,ALI,ALI1703,410a157f0000001a
中国神华能源股份有限公司,CSE,CSE1703,410a157f0000001b
兖州煤业股份有限公司,YZC,YZC1703,410a157f0000001c
中国农业银行股份有限公司,ABC,ABC1703,410a157f0000001d
新华人寿保险股份有限公司,NCL,NCL1703,410a157f0000001e
中国信达资产管理股份有限公司,CDA,CDA1703,410a157f0000001f
中国宏桥集团有限公司,CHQ,CHQ1703,410a157f00000020
华南城控股有限公司,CTY,CTY1703,410a157f00000021
中国中车股份有限公司,CRR,CRR1703,410a157f00000022
中国广核电力股份有限公司,CGN,CGN1703,410a157f00000023
中国中煤能源股份有限公司,CCE,CCE1703,410a157f00000024
融创中国控股有限公司,SUN,SUN1703,410a157f00000025
中国民生银行股份有限公司,MSB,MSB1703,410a157f00000026
广州汽车集团股份有限公司,GAC,GAC1703,410a157f00000027
长城汽车股份有限公司,GWM,GWM1703,410a157f00000028
中国航空科技工业股份有限公司,AVI,AVI1703,410a157f00000029
CSOP富时中国A50 ETF,CSA,CSA1703,410a157f0000002a
iShares 安硕富时 A50 中国指ETF,A50,A501703,410a157f0000002b
中海油田服务股份有限公司,CHO,CHO1703,410a157f0000002c
紫金矿业集团股份有限公司,ZJM,ZJM1703,410a157f0000002d
华夏沪深300指数ETF,AMC,AMC1703,410a157f0000002e
恒大地产集团有限公司,EVG,EVG1703,410a157f0000002f
金山软件有限公司,KSO,KSO1703,410a157f00000030
中信证券股份有限公司,CTS,CTS1703,410a157f00000031
海通证券股份有限公司,HAI,HAI1703,410a157f00000032
中国辉山乳业控股有限公司,HUD,HUD1703,410a157f00000033
华泰证券股份有限公司,HTS,HTS1703,410a157f00000034
长江和记实业有限公司,CKH,CKH1703,410a157f00000035
中电控股有限公司,CLP,CLP1703,410a157f00000036
香港中华煤气有限公司,HKG,HKG1703,410a157f00000037
九龙仓集团有限公司,WHL,WHL1703,410a157f00000038
汇丰控股有限公司,HKB,HKB1703,410a157f00000039
电能实业有限公司,HEH,HEH1703,410a157f0000003a
恒生银行有限公司,HSB,HSB1703,410a157f0000003b
恒基兆业地产有限公司,HLD,HLD1703,410a157f0000003c
新鸿基地产发展有限公司,SHK,SHK1703,410a157f0000003d
新世界发展有限公司,NWD,NWD1703,410a157f0000003e
太古股份有限公司'A',SWA,SWA1703,410a157f0000003f
东亚银行有限公司,BEA,BEA1703,410a157f00000040
香港铁路有限公司,MTR,MTR1703,410a157f00000041
中国中信股份有限公司,CIT,CIT1703,410a157f00000042
国泰航空有限公司,CPA,CPA1703,410a157f00000043
思捷环球控股有限公司,ESP,ESP1703,410a157f00000044
中国石油化工股份有限公司,CPC,CPC1703,410a157f00000045
香港交易及结算所有限公司,HEX,HEX1703,410a157f00000046
利丰有限公司,LIF,LIF1703,410a157f00000047
中国电信股份有限公司,CTC,CTC1703,410a157f00000048
中国联合网络通信（香港）股份有限公司,CHU,CHU1703,410a157f00000049
中国石油天然气股份有限公司,PEC,PEC1703,410a157f0000004a
广州白云山医药集团股份有限公司,BAI,BAI1703,410a157f0000004b
中国海洋石油有限公司,CNC,CNC1703,410a157f0000004c
华能国际电力股份有限公司,HNP,HNP1703,410a157f0000004d
中国建设银行股份有限公司,CCB,CCB1703,410a157f0000004e
中国移动有限公司,CHT,CHT1703,410a157f0000004f
中国工商银行股份有限公司,ICB,ICB1703,410a157f00000050
中国交通建设股份有限公司,CCC,CCC1703,410a157f00000051
富智康集团有限公司,FIH,FIH1703,410a157f00000052
中国平安保险(集团)股份有限公司,PAI,PAI1703,410a157f00000053
中国人民财产保险股份有限公司,PIC,PIC1703,410a157f00000054
中银香港(控股)有限公司,BOC,BOC1703,410a157f00000055
中国铝业股份有限公司,ALC,ALC1703,410a157f00000056
中国人寿保险股份有限公司,CLI,CLI1703,410a157f00000057
交通银行股份有限公司,BCM,BCM1703,410a157f00000058
招商银行股份有限公司,CMB,CMB1703,410a157f00000059
中国银行股份有限公司,BCL,BCL1703,410a157f0000005a
美元兑人民币（香港期货）,CUS,CUS1703,410a157f0000005b
欧元兑人民币（香港）期货,CEU,CEU1703,410a157f0000005c
日圆对人民币（香港）期货,CJP,CJP1703,410a157f0000005d
澳元兑人民币（香港）期货,CAU,CAU1703,410a157f0000005e
人民币（香港）兑美元期货,UCN,UCN1703,410a157f0000005f
一个月港元利率期货,HB1,HB11703,410a157f00000060
三个月港元利率期货,HB3,HB31703,410a157f00000061
恒生指数期货,HIS,HIS1704,410a158000000001
H股指数期货,HHI,HHI1704,410a158000000002
小型恒生指数期货,MHI,MHI1704,410a158000000003
恒生股息期货,DHS,DHS1704,410a158000000004
恒生国企股息期货,DHH,DHH1704,410a158000000005
恒指波幅指数期货,VHS,VHS1704,410a158000000006
中华交易服务中国120指数期货,CHH,CHH1704,410a158000000007
IBOVESPA期货,IBOVESPA,IBOVESPA1704,410a158000000008
MICEX指数期货,MICEX,MICEX1704,410a158000000009
S&PBSESENSEX指数期货,S&PBSESENSEX,S&PBSESENSEX1704,410a15800000000a
FTSE/JSETop40期货,FTSE/JSETop40,FTSE/JSETop401704,410a15800000000b
中华交易服务博彩业指数期货,GTI,GTI1704,410a15800000000c
恒生中国内地石油及天然气指数期货,MOI,MOI1704,410a15800000000d
恒生中国内地银行指数期货,MBI,MBI1704,410a15800000000e
恒生中国内地医疗保健指数期货,MCI,MCI1704,410a15800000000f
恒生中国内地地产指数期货,MPI,MPI1704,410a158000000010
恒生软件服务指数期货,SSI,SSI1704,410a158000000011
保利置业集团有限公司,POL,POL1704,410a158000000012
SOHO中国有限公司,SOH,SOH1704,410a158000000013
国美电器,GOM,GOM1704,410a158000000014
复星国际有限公司,FOS,FOS1704,410a158000000015
腾讯控股有限公司,TCH,TCH1704,410a158000000016
神州数码控股有限公司,DIG,DIG1704,410a158000000017
中信银行股份有限公司,CTB,CTB1704,410a158000000018
中国南方航空股份有限公司,SOA,SOA1704,410a158000000019
阿里巴巴影业集团有限公司,ALI,ALI1704,410a15800000001a
中国神华能源股份有限公司,CSE,CSE1704,410a15800000001b
兖州煤业股份有限公司,YZC,YZC1704,410a15800000001c
中国农业银行股份有限公司,ABC,ABC1704,410a15800000001d
新华人寿保险股份有限公司,NCL,NCL1704,410a15800000001e
中国信达资产管理股份有限公司,CDA,CDA1704,410a15800000001f
中国宏桥集团有限公司,CHQ,CHQ1704,410a158000000020
华南城控股有限公司,CTY,CTY1704,410a158000000021
中国中车股份有限公司,CRR,CRR1704,410a158000000022
中国广核电力股份有限公司,CGN,CGN1704,410a158000000023
中国中煤能源股份有限公司,CCE,CCE1704,410a158000000024
融创中国控股有限公司,SUN,SUN1704,410a158000000025
中国民生银行股份有限公司,MSB,MSB1704,410a158000000026
广州汽车集团股份有限公司,GAC,GAC1704,410a158000000027
长城汽车股份有限公司,GWM,GWM1704,410a158000000028
中国航空科技工业股份有限公司,AVI,AVI1704,410a158000000029
CSOP富时中国A50 ETF,CSA,CSA1704,410a15800000002a
iShares 安硕富时 A50 中国指ETF,A50,A501704,410a15800000002b
中海油田服务股份有限公司,CHO,CHO1704,410a15800000002c
紫金矿业集团股份有限公司,ZJM,ZJM1704,410a15800000002d
华夏沪深300指数ETF,AMC,AMC1704,410a15800000002e
恒大地产集团有限公司,EVG,EVG1704,410a15800000002f
金山软件有限公司,KSO,KSO1704,410a158000000030
中信证券股份有限公司,CTS,CTS1704,410a158000000031
海通证券股份有限公司,HAI,HAI1704,410a158000000032
中国辉山乳业控股有限公司,HUD,HUD1704,410a158000000033
华泰证券股份有限公司,HTS,HTS1704,410a158000000034
长江和记实业有限公司,CKH,CKH1704,410a158000000035
中电控股有限公司,CLP,CLP1704,410a158000000036
香港中华煤气有限公司,HKG,HKG1704,410a158000000037
九龙仓集团有限公司,WHL,WHL1704,410a158000000038
汇丰控股有限公司,HKB,HKB1704,410a158000000039
电能实业有限公司,HEH,HEH1704,410a15800000003a
恒生银行有限公司,HSB,HSB1704,410a15800000003b
恒基兆业地产有限公司,HLD,HLD1704,410a15800000003c
新鸿基地产发展有限公司,SHK,SHK1704,410a15800000003d
新世界发展有限公司,NWD,NWD1704,410a15800000003e
太古股份有限公司'A',SWA,SWA1704,410a15800000003f
东亚银行有限公司,BEA,BEA1704,410a158000000040
香港铁路有限公司,MTR,MTR1704,410a158000000041
中国中信股份有限公司,CIT,CIT1704,410a158000000042
国泰航空有限公司,CPA,CPA1704,410a158000000043
思捷环球控股有限公司,ESP,ESP1704,410a158000000044
中国石油化工股份有限公司,CPC,CPC1704,410a158000000045
香港交易及结算所有限公司,HEX,HEX1704,410a158000000046
利丰有限公司,LIF,LIF1704,410a158000000047
中国电信股份有限公司,CTC,CTC1704,410a158000000048
中国联合网络通信（香港）股份有限公司,CHU,CHU1704,410a158000000049
中国石油天然气股份有限公司,PEC,PEC1704,410a15800000004a
广州白云山医药集团股份有限公司,BAI,BAI1704,410a15800000004b
中国海洋石油有限公司,CNC,CNC1704,410a15800000004c
华能国际电力股份有限公司,HNP,HNP1704,410a15800000004d
中国建设银行股份有限公司,CCB,CCB1704,410a15800000004e
中国移动有限公司,CHT,CHT1704,410a15800000004f
中国工商银行股份有限公司,ICB,ICB1704,410a158000000050
中国交通建设股份有限公司,CCC,CCC1704,410a158000000051
富智康集团有限公司,FIH,FIH1704,410a158000000052
中国平安保险(集团)股份有限公司,PAI,PAI1704,410a158000000053
中国人民财产保险股份有限公司,PIC,PIC1704,410a158000000054
中银香港(控股)有限公司,BOC,BOC1704,410a158000000055
中国铝业股份有限公司,ALC,ALC1704,410a158000000056
中国人寿保险股份有限公司,CLI,CLI1704,410a158000000057
交通银行股份有限公司,BCM,BCM1704,410a158000000058
招商银行股份有限公司,CMB,CMB1704,410a158000000059
中国银行股份有限公司,BCL,BCL1704,410a15800000005a
美元兑人民币（香港期货）,CUS,CUS1704,410a15800000005b
欧元兑人民币（香港）期货,CEU,CEU1704,410a15800000005c
日圆对人民币（香港）期货,CJP,CJP1704,410a15800000005d
澳元兑人民币（香港）期货,CAU,CAU1704,410a15800000005e
人民币（香港）兑美元期货,UCN,UCN1704,410a15800000005f
一个月港元利率期货,HB1,HB11704,410a158000000060
三个月港元利率期货,HB3,HB31704,410a158000000061
恒生指数期货,HIS,HIS1705,410a158100000001
H股指数期货,HHI,HHI1705,410a158100000002
小型恒生指数期货,MHI,MHI1705,410a158100000003
恒生股息期货,DHS,DHS1705,410a158100000004
恒生国企股息期货,DHH,DHH1705,410a158100000005
恒指波幅指数期货,VHS,VHS1705,410a158100000006
中华交易服务中国120指数期货,CHH,CHH1705,410a158100000007
IBOVESPA期货,IBOVESPA,IBOVESPA1705,410a158100000008
MICEX指数期货,MICEX,MICEX1705,410a158100000009
S&PBSESENSEX指数期货,S&PBSESENSEX,S&PBSESENSEX1705,410a15810000000a
FTSE/JSETop40期货,FTSE/JSETop40,FTSE/JSETop401705,410a15810000000b
中华交易服务博彩业指数期货,GTI,GTI1705,410a15810000000c
恒生中国内地石油及天然气指数期货,MOI,MOI1705,410a15810000000d
恒生中国内地银行指数期货,MBI,MBI1705,410a15810000000e
恒生中国内地医疗保健指数期货,MCI,MCI1705,410a15810000000f
恒生中国内地地产指数期货,MPI,MPI1705,410a158100000010
恒生软件服务指数期货,SSI,SSI1705,410a158100000011
保利置业集团有限公司,POL,POL1705,410a158100000012
SOHO中国有限公司,SOH,SOH1705,410a158100000013
国美电器,GOM,GOM1705,410a158100000014
复星国际有限公司,FOS,FOS1705,410a158100000015
腾讯控股有限公司,TCH,TCH1705,410a158100000016
神州数码控股有限公司,DIG,DIG1705,410a158100000017
中信银行股份有限公司,CTB,CTB1705,410a158100000018
中国南方航空股份有限公司,SOA,SOA1705,410a158100000019
阿里巴巴影业集团有限公司,ALI,ALI1705,410a15810000001a
中国神华能源股份有限公司,CSE,CSE1705,410a15810000001b
兖州煤业股份有限公司,YZC,YZC1705,410a15810000001c
中国农业银行股份有限公司,ABC,ABC1705,410a15810000001d
新华人寿保险股份有限公司,NCL,NCL1705,410a15810000001e
中国信达资产管理股份有限公司,CDA,CDA1705,410a15810000001f
中国宏桥集团有限公司,CHQ,CHQ1705,410a158100000020
华南城控股有限公司,CTY,CTY1705,410a158100000021
中国中车股份有限公司,CRR,CRR1705,410a158100000022
中国广核电力股份有限公司,CGN,CGN1705,410a158100000023
中国中煤能源股份有限公司,CCE,CCE1705,410a158100000024
融创中国控股有限公司,SUN,SUN1705,410a158100000025
中国民生银行股份有限公司,MSB,MSB1705,410a158100000026
广州汽车集团股份有限公司,GAC,GAC1705,410a158100000027
长城汽车股份有限公司,GWM,GWM1705,410a158100000028
中国航空科技工业股份有限公司,AVI,AVI1705,410a158100000029
CSOP富时中国A50 ETF,CSA,CSA1705,410a15810000002a
iShares 安硕富时 A50 中国指ETF,A50,A501705,410a15810000002b
中海油田服务股份有限公司,CHO,CHO1705,410a15810000002c
紫金矿业集团股份有限公司,ZJM,ZJM1705,410a15810000002d
华夏沪深300指数ETF,AMC,AMC1705,410a15810000002e
恒大地产集团有限公司,EVG,EVG1705,410a15810000002f
金山软件有限公司,KSO,KSO1705,410a158100000030
中信证券股份有限公司,CTS,CTS1705,410a158100000031
海通证券股份有限公司,HAI,HAI1705,410a158100000032
中国辉山乳业控股有限公司,HUD,HUD1705,410a158100000033
华泰证券股份有限公司,HTS,HTS1705,410a158100000034
长江和记实业有限公司,CKH,CKH1705,410a158100000035
中电控股有限公司,CLP,CLP1705,410a158100000036
香港中华煤气有限公司,HKG,HKG1705,410a158100000037
九龙仓集团有限公司,WHL,WHL1705,410a158100000038
汇丰控股有限公司,HKB,HKB1705,410a158100000039
电能实业有限公司,HEH,HEH1705,410a15810000003a
恒生银行有限公司,HSB,HSB1705,410a15810000003b
恒基兆业地产有限公司,HLD,HLD1705,410a15810000003c
新鸿基地产发展有限公司,SHK,SHK1705,410a15810000003d
新世界发展有限公司,NWD,NWD1705,410a15810000003e
太古股份有限公司'A',SWA,SWA1705,410a15810000003f
东亚银行有限公司,BEA,BEA1705,410a158100000040
香港铁路有限公司,MTR,MTR1705,410a158100000041
中国中信股份有限公司,CIT,CIT1705,410a158100000042
国泰航空有限公司,CPA,CPA1705,410a158100000043
思捷环球控股有限公司,ESP,ESP1705,410a158100000044
中国石油化工股份有限公司,CPC,CPC1705,410a158100000045
香港交易及结算所有限公司,HEX,HEX1705,410a158100000046
利丰有限公司,LIF,LIF1705,410a158100000047
中国电信股份有限公司,CTC,CTC1705,410a158100000048
中国联合网络通信（香港）股份有限公司,CHU,CHU1705,410a158100000049
中国石油天然气股份有限公司,PEC,PEC1705,410a15810000004a
广州白云山医药集团股份有限公司,BAI,BAI1705,410a15810000004b
中国海洋石油有限公司,CNC,CNC1705,410a15810000004c
华能国际电力股份有限公司,HNP,HNP1705,410a15810000004d
中国建设银行股份有限公司,CCB,CCB1705,410a15810000004e
中国移动有限公司,CHT,CHT1705,410a15810000004f
中国工商银行股份有限公司,ICB,ICB1705,410a158100000050
中国交通建设股份有限公司,CCC,CCC1705,410a158100000051
富智康集团有限公司,FIH,FIH1705,410a158100000052
中国平安保险(集团)股份有限公司,PAI,PAI1705,410a158100000053
中国人民财产保险股份有限公司,PIC,PIC1705,410a158100000054
中银香港(控股)有限公司,BOC,BOC1705,410a158100000055
中国铝业股份有限公司,ALC,ALC1705,410a158100000056
中国人寿保险股份有限公司,CLI,CLI1705,410a158100000057
交通银行股份有限公司,BCM,BCM1705,410a158100000058
招商银行股份有限公司,CMB,CMB1705,410a158100000059
中国银行股份有限公司,BCL,BCL1705,410a15810000005a
美元兑人民币（香港期货）,CUS,CUS1705,410a15810000005b
欧元兑人民币（香港）期货,CEU,CEU1705,410a15810000005c
日圆对人民币（香港）期货,CJP,CJP1705,410a15810000005d
澳元兑人民币（香港）期货,CAU,CAU1705,410a15810000005e
人民币（香港）兑美元期货,UCN,UCN1705,410a15810000005f
一个月港元利率期货,HB1,HB11705,410a158100000060
三个月港元利率期货,HB3,HB31705,410a158100000061
恒生指数期货,HIS,HIS1706,410a158200000001
H股指数期货,HHI,HHI1706,410a158200000002
小型恒生指数期货,MHI,MHI1706,410a158200000003
恒生股息期货,DHS,DHS1706,410a158200000004
恒生国企股息期货,DHH,DHH1706,410a158200000005
恒指波幅指数期货,VHS,VHS1706,410a158200000006
中华交易服务中国120指数期货,CHH,CHH1706,410a158200000007
IBOVESPA期货,IBOVESPA,IBOVESPA1706,410a158200000008
MICEX指数期货,MICEX,MICEX1706,410a158200000009
S&PBSESENSEX指数期货,S&PBSESENSEX,S&PBSESENSEX1706,410a15820000000a
FTSE/JSETop40期货,FTSE/JSETop40,FTSE/JSETop401706,410a15820000000b
中华交易服务博彩业指数期货,GTI,GTI1706,410a15820000000c
恒生中国内地石油及天然气指数期货,MOI,MOI1706,410a15820000000d
恒生中国内地银行指数期货,MBI,MBI1706,410a15820000000e
恒生中国内地医疗保健指数期货,MCI,MCI1706,410a15820000000f
恒生中国内地地产指数期货,MPI,MPI1706,410a158200000010
恒生软件服务指数期货,SSI,SSI1706,410a158200000011
保利置业集团有限公司,POL,POL1706,410a158200000012
SOHO中国有限公司,SOH,SOH1706,410a158200000013
国美电器,GOM,GOM1706,410a158200000014
复星国际有限公司,FOS,FOS1706,410a158200000015
腾讯控股有限公司,TCH,TCH1706,410a158200000016
神州数码控股有限公司,DIG,DIG1706,410a158200000017
中信银行股份有限公司,CTB,CTB1706,410a158200000018
中国南方航空股份有限公司,SOA,SOA1706,410a158200000019
阿里巴巴影业集团有限公司,ALI,ALI1706,410a15820000001a
中国神华能源股份有限公司,CSE,CSE1706,410a15820000001b
兖州煤业股份有限公司,YZC,YZC1706,410a15820000001c
中国农业银行股份有限公司,ABC,ABC1706,410a15820000001d
新华人寿保险股份有限公司,NCL,NCL1706,410a15820000001e
中国信达资产管理股份有限公司,CDA,CDA1706,410a15820000001f
中国宏桥集团有限公司,CHQ,CHQ1706,410a158200000020
华南城控股有限公司,CTY,CTY1706,410a158200000021
中国中车股份有限公司,CRR,CRR1706,410a158200000022
中国广核电力股份有限公司,CGN,CGN1706,410a158200000023
中国中煤能源股份有限公司,CCE,CCE1706,410a158200000024
融创中国控股有限公司,SUN,SUN1706,410a158200000025
中国民生银行股份有限公司,MSB,MSB1706,410a158200000026
广州汽车集团股份有限公司,GAC,GAC1706,410a158200000027
长城汽车股份有限公司,GWM,GWM1706,410a158200000028
中国航空科技工业股份有限公司,AVI,AVI1706,410a158200000029
CSOP富时中国A50 ETF,CSA,CSA1706,410a15820000002a
iShares 安硕富时 A50 中国指ETF,A50,A501706,410a15820000002b
中海油田服务股份有限公司,CHO,CHO1706,410a15820000002c
紫金矿业集团股份有限公司,ZJM,ZJM1706,410a15820000002d
华夏沪深300指数ETF,AMC,AMC1706,410a15820000002e
恒大地产集团有限公司,EVG,EVG1706,410a15820000002f
金山软件有限公司,KSO,KSO1706,410a158200000030
中信证券股份有限公司,CTS,CTS1706,410a158200000031
海通证券股份有限公司,HAI,HAI1706,410a158200000032
中国辉山乳业控股有限公司,HUD,HUD1706,410a158200000033
华泰证券股份有限公司,HTS,HTS1706,410a158200000034
长江和记实业有限公司,CKH,CKH1706,410a158200000035
中电控股有限公司,CLP,CLP1706,410a158200000036
香港中华煤气有限公司,HKG,HKG1706,410a158200000037
九龙仓集团有限公司,WHL,WHL1706,410a158200000038
汇丰控股有限公司,HKB,HKB1706,410a158200000039
电能实业有限公司,HEH,HEH1706,410a15820000003a
恒生银行有限公司,HSB,HSB1706,410a15820000003b
恒基兆业地产有限公司,HLD,HLD1706,410a15820000003c
新鸿基地产发展有限公司,SHK,SHK1706,410a15820000003d
新世界发展有限公司,NWD,NWD1706,410a15820000003e
太古股份有限公司'A',SWA,SWA1706,410a15820000003f
东亚银行有限公司,BEA,BEA1706,410a158200000040
香港铁路有限公司,MTR,MTR1706,410a158200000041
中国中信股份有限公司,CIT,CIT1706,410a158200000042
国泰航空有限公司,CPA,CPA1706,410a158200000043
思捷环球控股有限公司,ESP,ESP1706,410a158200000044
中国石油化工股份有限公司,CPC,CPC1706,410a158200000045
香港交易及结算所有限公司,HEX,HEX1706,410a158200000046
利丰有限公司,LIF,LIF1706,410a158200000047
中国电信股份有限公司,CTC,CTC1706,410a158200000048
中国联合网络通信（香港）股份有限公司,CHU,CHU1706,410a158200000049
中国石油天然气股份有限公司,PEC,PEC1706,410a15820000004a
广州白云山医药集团股份有限公司,BAI,BAI1706,410a15820000004b
中国海洋石油有限公司,CNC,CNC1706,410a15820000004c
华能国际电力股份有限公司,HNP,HNP1706,410a15820000004d
中国建设银行股份有限公司,CCB,CCB1706,410a15820000004e
中国移动有限公司,CHT,CHT1706,410a15820000004f
中国工商银行股份有限公司,ICB,ICB1706,410a158200000050
中国交通建设股份有限公司,CCC,CCC1706,410a158200000051
富智康集团有限公司,FIH,FIH1706,410a158200000052
中国平安保险(集团)股份有限公司,PAI,PAI1706,410a158200000053
中国人民财产保险股份有限公司,PIC,PIC1706,410a158200000054
中银香港(控股)有限公司,BOC,BOC1706,410a158200000055
中国铝业股份有限公司,ALC,ALC1706,410a158200000056
中国人寿保险股份有限公司,CLI,CLI1706,410a158200000057
交通银行股份有限公司,BCM,BCM1706,410a158200000058
招商银行股份有限公司,CMB,CMB1706,410a158200000059
中国银行股份有限公司,BCL,BCL1706,410a15820000005a
美元兑人民币（香港期货）,CUS,CUS1706,410a15820000005b
欧元兑人民币（香港）期货,CEU,CEU1706,410a15820000005c
日圆对人民币（香港）期货,CJP,CJP1706,410a15820000005d
澳元兑人民币（香港）期货,CAU,CAU1706,410a15820000005e
人民币（香港）兑美元期货,UCN,UCN1706,410a15820000005f
一个月港元利率期货,HB1,HB11706,410a158200000060
三个月港元利率期货,HB3,HB31706,410a158200000061
恒生指数期货,HIS,HIS1707,410a158300000001
H股指数期货,HHI,HHI1707,410a158300000002
小型恒生指数期货,MHI,MHI1707,410a158300000003
恒生股息期货,DHS,DHS1707,410a158300000004
恒生国企股息期货,DHH,DHH1707,410a158300000005
恒指波幅指数期货,VHS,VHS1707,410a158300000006
中华交易服务中国120指数期货,CHH,CHH1707,410a158300000007
IBOVESPA期货,IBOVESPA,IBOVESPA1707,410a158300000008
MICEX指数期货,MICEX,MICEX1707,410a158300000009
S&PBSESENSEX指数期货,S&PBSESENSEX,S&PBSESENSEX1707,410a15830000000a
FTSE/JSETop40期货,FTSE/JSETop40,FTSE/JSETop401707,410a15830000000b
中华交易服务博彩业指数期货,GTI,GTI1707,410a15830000000c
恒生中国内地石油及天然气指数期货,MOI,MOI1707,410a15830000000d
恒生中国内地银行指数期货,MBI,MBI1707,410a15830000000e
恒生中国内地医疗保健指数期货,MCI,MCI1707,410a15830000000f
恒生中国内地地产指数期货,MPI,MPI1707,410a158300000010
恒生软件服务指数期货,SSI,SSI1707,410a158300000011
保利置业集团有限公司,POL,POL1707,410a158300000012
SOHO中国有限公司,SOH,SOH1707,410a158300000013
国美电器,GOM,GOM1707,410a158300000014
复星国际有限公司,FOS,FOS1707,410a158300000015
腾讯控股有限公司,TCH,TCH1707,410a158300000016
神州数码控股有限公司,DIG,DIG1707,410a158300000017
中信银行股份有限公司,CTB,CTB1707,410a158300000018
中国南方航空股份有限公司,SOA,SOA1707,410a158300000019
阿里巴巴影业集团有限公司,ALI,ALI1707,410a15830000001a
中国神华能源股份有限公司,CSE,CSE1707,410a15830000001b
兖州煤业股份有限公司,YZC,YZC1707,410a15830000001c
中国农业银行股份有限公司,ABC,ABC1707,410a15830000001d
新华人寿保险股份有限公司,NCL,NCL1707,410a15830000001e
中国信达资产管理股份有限公司,CDA,CDA1707,410a15830000001f
中国宏桥集团有限公司,CHQ,CHQ1707,410a158300000020
华南城控股有限公司,CTY,CTY1707,410a158300000021
中国中车股份有限公司,CRR,CRR1707,410a158300000022
中国广核电力股份有限公司,CGN,CGN1707,410a158300000023
中国中煤能源股份有限公司,CCE,CCE1707,410a158300000024
融创中国控股有限公司,SUN,SUN1707,410a158300000025
中国民生银行股份有限公司,MSB,MSB1707,410a158300000026
广州汽车集团股份有限公司,GAC,GAC1707,410a158300000027
长城汽车股份有限公司,GWM,GWM1707,410a158300000028
中国航空科技工业股份有限公司,AVI,AVI1707,410a158300000029
CSOP富时中国A50 ETF,CSA,CSA1707,410a15830000002a
iShares 安硕富时 A50 中国指ETF,A50,A501707,410a15830000002b
中海油田服务股份有限公司,CHO,CHO1707,410a15830000002c
紫金矿业集团股份有限公司,ZJM,ZJM1707,410a15830000002d
华夏沪深300指数ETF,AMC,AMC1707,410a15830000002e
恒大地产集团有限公司,EVG,EVG1707,410a15830000002f
金山软件有限公司,KSO,KSO1707,410a158300000030
中信证券股份有限公司,CTS,CTS1707,410a158300000031
海通证券股份有限公司,HAI,HAI1707,410a158300000032
中国辉山乳业控股有限公司,HUD,HUD1707,410a158300000033
华泰证券股份有限公司,HTS,HTS1707,410a158300000034
长江和记实业有限公司,CKH,CKH1707,410a158300000035
中电控股有限公司,CLP,CLP1707,410a158300000036
香港中华煤气有限公司,HKG,HKG1707,410a158300000037
九龙仓集团有限公司,WHL,WHL1707,410a158300000038
汇丰控股有限公司,HKB,HKB1707,410a158300000039
电能实业有限公司,HEH,HEH1707,410a15830000003a
恒生银行有限公司,HSB,HSB1707,410a15830000003b
恒基兆业地产有限公司,HLD,HLD1707,410a15830000003c
新鸿基地产发展有限公司,SHK,SHK1707,410a15830000003d
新世界发展有限公司,NWD,NWD1707,410a15830000003e
太古股份有限公司'A',SWA,SWA1707,410a15830000003f
东亚银行有限公司,BEA,BEA1707,410a158300000040
香港铁路有限公司,MTR,MTR1707,410a158300000041
中国中信股份有限公司,CIT,CIT1707,410a158300000042
国泰航空有限公司,CPA,CPA1707,410a158300000043
思捷环球控股有限公司,ESP,ESP1707,410a158300000044
中国石油化工股份有限公司,CPC,CPC1707,410a158300000045
香港交易及结算所有限公司,HEX,HEX1707,410a158300000046
利丰有限公司,LIF,LIF1707,410a158300000047
中国电信股份有限公司,CTC,CTC1707,410a158300000048
中国联合网络通信（香港）股份有限公司,CHU,CHU1707,410a158300000049
中国石油天然气股份有限公司,PEC,PEC1707,410a15830000004a
广州白云山医药集团股份有限公司,BAI,BAI1707,410a15830000004b
中国海洋石油有限公司,CNC,CNC1707,410a15830000004c
华能国际电力股份有限公司,HNP,HNP1707,410a15830000004d
中国建设银行股份有限公司,CCB,CCB1707,410a15830000004e
中国移动有限公司,CHT,CHT1707,410a15830000004f
中国工商银行股份有限公司,ICB,ICB1707,410a158300000050
中国交通建设股份有限公司,CCC,CCC1707,410a158300000051
富智康集团有限公司,FIH,FIH1707,410a158300000052
中国平安保险(集团)股份有限公司,PAI,PAI1707,410a158300000053
中国人民财产保险股份有限公司,PIC,PIC1707,410a158300000054
中银香港(控股)有限公司,BOC,BOC1707,410a158300000055
中国铝业股份有限公司,ALC,ALC1707,410a158300000056
中国人寿保险股份有限公司,CLI,CLI1707,410a158300000057
交通银行股份有限公司,BCM,BCM1707,410a158300000058
招商银行股份有限公司,CMB,CMB1707,410a158300000059
中国银行股份有限公司,BCL,BCL1707,410a15830000005a
美元兑人民币（香港期货）,CUS,CUS1707,410a15830000005b
欧元兑人民币（香港）期货,CEU,CEU1707,410a15830000005c
日圆对人民币（香港）期货,CJP,CJP1707,410a15830000005d
澳元兑人民币（香港）期货,CAU,CAU1707,410a15830000005e
人民币（香港）兑美元期货,UCN,UCN1707,410a15830000005f
一个月港元利率期货,HB1,HB11707,410a158300000060
三个月港元利率期货,HB3,HB31707,410a158300000061
恒生指数期货,HIS,HIS1708,410a158400000001
H股指数期货,HHI,HHI1708,410a158400000002
小型恒生指数期货,MHI,MHI1708,410a158400000003
恒生股息期货,DHS,DHS1708,410a158400000004
恒生国企股息期货,DHH,DHH1708,410a158400000005
恒指波幅指数期货,VHS,VHS1708,410a158400000006
中华交易服务中国120指数期货,CHH,CHH1708,410a158400000007
IBOVESPA期货,IBOVESPA,IBOVESPA1708,410a158400000008
MICEX指数期货,MICEX,MICEX1708,410a158400000009
S&PBSESENSEX指数期货,S&PBSESENSEX,S&PBSESENSEX1708,410a15840000000a
FTSE/JSETop40期货,FTSE/JSETop40,FTSE/JSETop401708,410a15840000000b
中华交易服务博彩业指数期货,GTI,GTI1708,410a15840000000c
恒生中国内地石油及天然气指数期货,MOI,MOI1708,410a15840000000d
恒生中国内地银行指数期货,MBI,MBI1708,410a15840000000e
恒生中国内地医疗保健指数期货,MCI,MCI1708,410a15840000000f
恒生中国内地地产指数期货,MPI,MPI1708,410a158400000010
恒生软件服务指数期货,SSI,SSI1708,410a158400000011
保利置业集团有限公司,POL,POL1708,410a158400000012
SOHO中国有限公司,SOH,SOH1708,410a158400000013
国美电器,GOM,GOM1708,410a158400000014
复星国际有限公司,FOS,FOS1708,410a158400000015
腾讯控股有限公司,TCH,TCH1708,410a158400000016
神州数码控股有限公司,DIG,DIG1708,410a158400000017
中信银行股份有限公司,CTB,CTB1708,410a158400000018
中国南方航空股份有限公司,SOA,SOA1708,410a158400000019
阿里巴巴影业集团有限公司,ALI,ALI1708,410a15840000001a
中国神华能源股份有限公司,CSE,CSE1708,410a15840000001b
兖州煤业股份有限公司,YZC,YZC1708,410a15840000001c
中国农业银行股份有限公司,ABC,ABC1708,410a15840000001d
新华人寿保险股份有限公司,NCL,NCL1708,410a15840000001e
中国信达资产管理股份有限公司,CDA,CDA1708,410a15840000001f
中国宏桥集团有限公司,CHQ,CHQ1708,410a158400000020
华南城控股有限公司,CTY,CTY1708,410a158400000021
中国中车股份有限公司,CRR,CRR1708,410a158400000022
中国广核电力股份有限公司,CGN,CGN1708,410a158400000023
中国中煤能源股份有限公司,CCE,CCE1708,410a158400000024
融创中国控股有限公司,SUN,SUN1708,410a158400000025
中国民生银行股份有限公司,MSB,MSB1708,410a158400000026
广州汽车集团股份有限公司,GAC,GAC1708,410a158400000027
长城汽车股份有限公司,GWM,GWM1708,410a158400000028
中国航空科技工业股份有限公司,AVI,AVI1708,410a158400000029
CSOP富时中国A50 ETF,CSA,CSA1708,410a15840000002a
iShares 安硕富时 A50 中国指ETF,A50,A501708,410a15840000002b
中海油田服务股份有限公司,CHO,CHO1708,410a15840000002c
紫金矿业集团股份有限公司,ZJM,ZJM1708,410a15840000002d
华夏沪深300指数ETF,AMC,AMC1708,410a15840000002e
恒大地产集团有限公司,EVG,EVG1708,410a15840000002f
金山软件有限公司,KSO,KSO1708,410a158400000030
中信证券股份有限公司,CTS,CTS1708,410a158400000031
海通证券股份有限公司,HAI,HAI1708,410a158400000032
中国辉山乳业控股有限公司,HUD,HUD1708,410a158400000033
华泰证券股份有限公司,HTS,HTS1708,410a158400000034
长江和记实业有限公司,CKH,CKH1708,410a158400000035
中电控股有限公司,CLP,CLP1708,410a158400000036
香港中华煤气有限公司,HKG,HKG1708,410a158400000037
九龙仓集团有限公司,WHL,WHL1708,410a158400000038
汇丰控股有限公司,HKB,HKB1708,410a158400000039
电能实业有限公司,HEH,HEH1708,410a15840000003a
恒生银行有限公司,HSB,HSB1708,410a15840000003b
恒基兆业地产有限公司,HLD,HLD1708,410a15840000003c
新鸿基地产发展有限公司,SHK,SHK1708,410a15840000003d
新世界发展有限公司,NWD,NWD1708,410a15840000003e
太古股份有限公司'A',SWA,SWA1708,410a15840000003f
东亚银行有限公司,BEA,BEA1708,410a158400000040
香港铁路有限公司,MTR,MTR1708,410a158400000041
中国中信股份有限公司,CIT,CIT1708,410a158400000042
国泰航空有限公司,CPA,CPA1708,410a158400000043
思捷环球控股有限公司,ESP,ESP1708,410a158400000044
中国石油化工股份有限公司,CPC,CPC1708,410a158400000045
香港交易及结算所有限公司,HEX,HEX1708,410a158400000046
利丰有限公司,LIF,LIF1708,410a158400000047
中国电信股份有限公司,CTC,CTC1708,410a158400000048
中国联合网络通信（香港）股份有限公司,CHU,CHU1708,410a158400000049
中国石油天然气股份有限公司,PEC,PEC1708,410a15840000004a
广州白云山医药集团股份有限公司,BAI,BAI1708,410a15840000004b
中国海洋石油有限公司,CNC,CNC1708,410a15840000004c
华能国际电力股份有限公司,HNP,HNP1708,410a15840000004d
中国建设银行股份有限公司,CCB,CCB1708,410a15840000004e
中国移动有限公司,CHT,CHT1708,410a15840000004f
中国工商银行股份有限公司,ICB,ICB1708,410a158400000050
中国交通建设股份有限公司,CCC,CCC1708,410a158400000051
富智康集团有限公司,FIH,FIH1708,410a158400000052
中国平安保险(集团)股份有限公司,PAI,PAI1708,410a158400000053
中国人民财产保险股份有限公司,PIC,PIC1708,410a158400000054
中银香港(控股)有限公司,BOC,BOC1708,410a158400000055
中国铝业股份有限公司,ALC,ALC1708,410a158400000056
中国人寿保险股份有限公司,CLI,CLI1708,410a158400000057
交通银行股份有限公司,BCM,BCM1708,410a158400000058
招商银行股份有限公司,CMB,CMB1708,410a158400000059
中国银行股份有限公司,BCL,BCL1708,410a15840000005a
美元兑人民币（香港期货）,CUS,CUS1708,410a15840000005b
欧元兑人民币（香港）期货,CEU,CEU1708,410a15840000005c
日圆对人民币（香港）期货,CJP,CJP1708,410a15840000005d
澳元兑人民币（香港）期货,CAU,CAU1708,410a15840000005e
人民币（香港）兑美元期货,UCN,UCN1708,410a15840000005f
一个月港元利率期货,HB1,HB11708,410a158400000060
三个月港元利率期货,HB3,HB31708,410a158400000061
